Two Sigma - twosigma.com
Auburn - auburn.edu
Cornell - cornell.edu
NYU - nyu.edu
Stanford - stanford.edu
Harvard - harvard.edu
Harvard - college.harvard.edu
Harvard - g.harvard.edu
Harvard - fas.harvard.edu
Princeton - princeton.edu
Yale - yale.edu
Columbia - columbia.edu
UPenn - upenn.edu
Brown - brown.edu
Dartmouth - dartmouth.edu
MIT - mit.edu
MIT - alum.mit.edu
CMU - andrew.cmu.edu
CMU - cmu.edu
RIT - rit.edu
NJU - lamda.nju.edu.cn
Chalmers - chalmers.se
Chalmers - student.chalmers.se
McGill - mail.mcgill.ca
Purdue - purdue.edu
Imperial College - ic.ac.uk
Imperial College - imperial.ac.uk
Ecole Polytechnique - polytechnique.edu
NTU - ntu.edu.sg
NTU - e.ntu.edu.sg
Waterloo - edu.uwaterloo.ca
Waterloo - uwaterloo.ca
UC Berkeley - berkeley.edu
EPFL - epfl.ch
Harvey Mudd - cs.hmc.edu
William and Mary - email.wm.edu
Pomona - pomona.edu
California Colleges - californiacolleges.edu
University of Colorado - colorado.edu
University of Charlotte - uncc.edu
Missouri S&T - mst.edu
Chapman - chapman.edu
UC - mail.uc.edu
University of Arnkansas - uark.edu
National Research - nationalresearch.com
NUS - u.nus.edu
Chapman - mail.chapman.edu
University of Illinois - illinois.edu
Punahou - punahou.edu
University of Alabama - crimson.ua.edu
University of Florida - ufl.edu
Stonybrook - stonybrook.edu
Arizona State - asu.edu
Rockefeller University - rockefeller.edu
Virginia Tech - vt.edu
Worcester Polytechnic - wpi.edu
NC State - ncsu.edu
Georgia Tech - gatech.edu
University of Virginia - virginia.edu
Bowdoin - bowdoin.edu
University of Iowa - uiowa.edu
University of Texas - utexas.edu
University of Minnesota - umn.edu
Boston University - bu.edu
University of Washington - uw.edu
California Polytechnic - calpoly.edu
Grand Valley State University - gvsu.edu
UC Santa Cruz - ucsc.edu
UT San Antonio - utsa.edu
UT San Antonio - my.utsa.edu
UC Davis - ucdavis.edu
Exeter College - exe-coll.ac.uk
Quantworks - quantworks.com
Epitech - epitech.eu
IST - tecnico.ulisboa.pt
Amazon - amazon.de
Amazon - amazon.com
Academy for Science and Design - asdnh.org
KTH - kth.se
Horace Mann School - horacemann.org
Shaw - shaw.ca
Futurice - futurice.com
Seznam - seznam.cz
Boopsie - boopsie.com
HCM - hubcitymedia.com
Paderborn University - mail.upb.de
Technical University of Dresden - tu-dresden.de
Altassian - atlassian.com
Asimmetric - asimmetric.com
Binghamton - binghamton.edu
National Research University - edu.hse.ru
Proekspert - proekspert.ee
Carleton University - carleton.ca
DoubleDutch - doubledutch.me
RWTH Aachen - rwth-aachen.de
University of Aveiro - ua.pt
Allstate - allstate.com
Dreamix - dreamix.eu
KU Leuven - student.kuleuven.be
Green Brick Labs - greenbricklabs.com
Verst - verst.co
Queens University - queensu.ca
Qure.ai - qure.ai
Teleopti - teleopti.com
UC San Diego - ucsd.edu
University of Edinburgh - ed.ac.uk
University of Edinburgh - sms.ed.ac.uk
University of Bordeaux - u-bordeaux.fr
University of Bordeaux - etu.u-bordeaux.fr
Wargaming.net - wargaming.net
Grand Valley State University - mail.gvsu.edu
Grand Valley State University - gvsu.edu
AQR - aqr.com
Derivco - derivco.co.za
Nerdery - nerdery.com
University of Rochester - u.rochester.edu
Citi - citi.com
